agent,task,task_id,seed,grade_score,cumulative_reward,n_steps
Random,Easy,easy_typhoon_response,42,0.7269,0.62953,20
Random,Easy,easy_typhoon_response,99,0.7297,0.91489,20
Random,Easy,easy_typhoon_response,7,0.8722,0.93333,20
Random,Easy,easy_typhoon_response,123,0.8558,0.94546,20
Random,Easy,easy_typhoon_response,256,0.6709,0.79805,20
Random,Easy,easy_typhoon_response,512,0.6636,0.66671,20
Random,Easy,easy_typhoon_response,1024,0.5962,0.59314,20
Random,Easy,easy_typhoon_response,2,0.7017,0.9119,20
Random,Easy,easy_typhoon_response,17,0.6454,0.83536,20
Random,Easy,easy_typhoon_response,71,0.6797,0.92822,20
Random,Easy,easy_typhoon_response,88,0.717,0.78011,20
Random,Easy,easy_typhoon_response,314,0.7003,0.65334,20
Random,Easy,easy_typhoon_response,271,0.7305,0.6781,20
Random,Easy,easy_typhoon_response,161,0.6819,0.67851,20
Random,Easy,easy_typhoon_response,8,0.7303,0.69469,20
Random,Easy,easy_typhoon_response,33,0.5698,0.55119,20
Random,Easy,easy_typhoon_response,64,0.7163,0.89827,20
Random,Easy,easy_typhoon_response,128,0.6656,0.69002,20
Random,Easy,easy_typhoon_response,555,0.5967,0.97982,20
Random,Easy,easy_typhoon_response,777,0.7393,0.52345,20
Random,Easy,easy_typhoon_response,11,0.7851,0.82684,20
Random,Easy,easy_typhoon_response,22,0.6984,0.90425,20
Random,Easy,easy_typhoon_response,44,0.625,0.62648,20
Random,Easy,easy_typhoon_response,55,0.5948,0.84313,20
Random,Easy,easy_typhoon_response,66,0.8134,0.73322,20
Random,Easy,easy_typhoon_response,202,0.7281,0.73739,20
Random,Easy,easy_typhoon_response,303,0.7167,0.85231,20
Random,Easy,easy_typhoon_response,404,0.8583,1.02387,20
Random,Easy,easy_typhoon_response,606,0.68,0.67758,20
Random,Easy,easy_typhoon_response,909,0.8227,0.88465,20
Random,Medium,medium_multi_front,42,0.7272,-1.03704,45
Random,Medium,medium_multi_front,99,0.4303,-1.18321,45
Random,Medium,medium_multi_front,7,0.7591,0.52134,45
Random,Medium,medium_multi_front,123,0.5129,-2.33125,44
Random,Medium,medium_multi_front,256,0.5204,-0.46401,45
Random,Medium,medium_multi_front,512,0.4965,0.3453,45
Random,Medium,medium_multi_front,1024,0.4908,-1.91349,45
Random,Medium,medium_multi_front,2,0.7238,-2.12784,45
Random,Medium,medium_multi_front,17,0.7478,-0.99616,45
Random,Medium,medium_multi_front,71,0.476,-1.9107,44
Random,Medium,medium_multi_front,88,0.7575,-0.28556,45
Random,Medium,medium_multi_front,314,0.7122,-0.29541,45
Random,Medium,medium_multi_front,271,0.6687,-1.24062,45
Random,Medium,medium_multi_front,161,0.5504,0.79019,45
Random,Medium,medium_multi_front,8,0.5821,-1.02212,45
Random,Medium,medium_multi_front,33,0.4779,-2.13708,45
Random,Medium,medium_multi_front,64,0.5955,0.11546,45
Random,Medium,medium_multi_front,128,0.8527,0.467,45
Random,Medium,medium_multi_front,555,0.4172,-1.44666,45
Random,Medium,medium_multi_front,777,0.6504,-1.67746,45
Random,Medium,medium_multi_front,11,0.6237,-0.10505,44
Random,Medium,medium_multi_front,22,0.5379,-1.04368,44
Random,Medium,medium_multi_front,44,0.6731,-2.09358,44
Random,Medium,medium_multi_front,55,0.4738,-1.33269,45
Random,Medium,medium_multi_front,66,0.5346,0.79605,45
Random,Medium,medium_multi_front,202,0.5746,-0.69876,44
Random,Medium,medium_multi_front,303,0.5936,-0.79456,45
Random,Medium,medium_multi_front,404,0.5276,-1.25031,45
Random,Medium,medium_multi_front,606,0.5813,-0.13204,44
Random,Medium,medium_multi_front,909,0.6688,-1.12892,45
Random,Hard,hard_cascading_crisis,42,0.6876,-1.29622,57
Random,Hard,hard_cascading_crisis,99,0.7449,-1.78397,57
Random,Hard,hard_cascading_crisis,7,0.7619,0.08277,55
Random,Hard,hard_cascading_crisis,123,0.7285,-0.65737,56
Random,Hard,hard_cascading_crisis,256,0.7047,-0.49777,57
Random,Hard,hard_cascading_crisis,512,0.6973,-2.01854,56
Random,Hard,hard_cascading_crisis,1024,0.7415,-2.36116,55
Random,Hard,hard_cascading_crisis,2,0.7375,-1.95556,56
Random,Hard,hard_cascading_crisis,17,0.6739,-1.30062,56
Random,Hard,hard_cascading_crisis,71,0.6931,-3.36706,57
Random,Hard,hard_cascading_crisis,88,0.7667,-0.11045,56
Random,Hard,hard_cascading_crisis,314,0.7064,-1.1168,55
Random,Hard,hard_cascading_crisis,271,0.712,-0.67258,56
Random,Hard,hard_cascading_crisis,161,0.7011,-0.54754,56
Random,Hard,hard_cascading_crisis,8,0.699,-1.64212,56
Random,Hard,hard_cascading_crisis,33,0.6951,-1.95039,57
Random,Hard,hard_cascading_crisis,64,0.7496,-0.34501,55
Random,Hard,hard_cascading_crisis,128,0.7221,-0.46967,57
Random,Hard,hard_cascading_crisis,555,0.6684,-2.56431,56
Random,Hard,hard_cascading_crisis,777,0.7354,-1.13241,57
Random,Hard,hard_cascading_crisis,11,0.7129,-1.29247,57
Random,Hard,hard_cascading_crisis,22,0.7684,-0.56523,56
Random,Hard,hard_cascading_crisis,44,0.7232,-2.98884,57
Random,Hard,hard_cascading_crisis,55,0.7398,-0.68932,56
Random,Hard,hard_cascading_crisis,66,0.767,0.24768,56
Random,Hard,hard_cascading_crisis,202,0.7503,-0.641,55
Random,Hard,hard_cascading_crisis,303,0.76,-0.50835,55
Random,Hard,hard_cascading_crisis,404,0.7549,-2.14705,55
Random,Hard,hard_cascading_crisis,606,0.7528,-1.4444,57
Random,Hard,hard_cascading_crisis,909,0.7096,-1.43532,56
Scripted,Easy,easy_typhoon_response,42,0.6722,0.7991,20
Scripted,Easy,easy_typhoon_response,99,0.6714,0.8061,20
Scripted,Easy,easy_typhoon_response,7,0.67,0.8061,20
Scripted,Easy,easy_typhoon_response,123,0.7717,0.8131,20
Scripted,Easy,easy_typhoon_response,256,0.6716,0.8061,20
Scripted,Easy,easy_typhoon_response,512,0.7703,0.7951,20
Scripted,Easy,easy_typhoon_response,1024,0.7712,0.8131,20
Scripted,Easy,easy_typhoon_response,2,0.7722,0.8131,20
Scripted,Easy,easy_typhoon_response,17,0.6713,0.7991,20
Scripted,Easy,easy_typhoon_response,71,0.6711,0.8061,20
Scripted,Easy,easy_typhoon_response,88,0.6699,0.8061,20
Scripted,Easy,easy_typhoon_response,314,0.7712,0.7951,20
Scripted,Easy,easy_typhoon_response,271,0.6707,0.8061,20
Scripted,Easy,easy_typhoon_response,161,0.6719,0.7811,20
Scripted,Easy,easy_typhoon_response,8,0.7715,0.8131,20
Scripted,Easy,easy_typhoon_response,33,0.672,0.7811,20
Scripted,Easy,easy_typhoon_response,64,0.6721,0.8061,20
Scripted,Easy,easy_typhoon_response,128,0.7714,0.8131,20
Scripted,Easy,easy_typhoon_response,555,0.5967,-0.16615,20
Scripted,Easy,easy_typhoon_response,777,0.7713,0.8131,20
Scripted,Easy,easy_typhoon_response,11,0.6702,0.8061,20
Scripted,Easy,easy_typhoon_response,22,0.7718,0.8131,20
Scripted,Easy,easy_typhoon_response,44,0.6711,0.8061,20
Scripted,Easy,easy_typhoon_response,55,0.7698,0.7951,20
Scripted,Easy,easy_typhoon_response,66,0.7716,0.8131,20
Scripted,Easy,easy_typhoon_response,202,0.6707,0.8061,20
Scripted,Easy,easy_typhoon_response,303,0.7718,0.8131,20
Scripted,Easy,easy_typhoon_response,404,0.77,0.8131,20
Scripted,Easy,easy_typhoon_response,606,0.6701,0.7991,20
Scripted,Easy,easy_typhoon_response,909,0.7707,0.8131,20
Scripted,Medium,medium_multi_front,42,0.6971,-0.88458,45
Scripted,Medium,medium_multi_front,99,0.703,-0.94942,45
Scripted,Medium,medium_multi_front,7,0.703,-0.94942,45
Scripted,Medium,medium_multi_front,123,0.4904,-0.8387,44
Scripted,Medium,medium_multi_front,256,0.6935,-0.94261,45
Scripted,Medium,medium_multi_front,512,0.4923,-0.75767,44
Scripted,Medium,medium_multi_front,1024,0.6655,-0.85613,45
Scripted,Medium,medium_multi_front,2,0.6977,-1.00776,45
Scripted,Medium,medium_multi_front,17,0.6719,-0.80792,45
Scripted,Medium,medium_multi_front,71,0.4737,-0.77217,44
Scripted,Medium,medium_multi_front,88,0.6935,-0.94261,45
Scripted,Medium,medium_multi_front,314,0.6726,-0.93103,45
Scripted,Medium,medium_multi_front,271,0.6973,-0.94708,45
Scripted,Medium,medium_multi_front,161,0.6747,-0.72678,45
Scripted,Medium,medium_multi_front,8,0.6936,-1.00511,45
Scripted,Medium,medium_multi_front,33,0.6747,-0.72678,45
Scripted,Medium,medium_multi_front,64,0.6654,-0.79363,45
Scripted,Medium,medium_multi_front,128,0.6722,-0.93292,45
Scripted,Medium,medium_multi_front,555,0.6618,-0.93513,45
Scripted,Medium,medium_multi_front,777,0.5091,-0.76165,44
Scripted,Medium,medium_multi_front,11,0.4737,-0.77217,44
Scripted,Medium,medium_multi_front,22,0.4737,-0.83467,44
Scripted,Medium,medium_multi_front,44,0.7056,-0.84903,44
Scripted,Medium,medium_multi_front,55,0.4904,-0.8582,45
Scripted,Medium,medium_multi_front,66,0.6662,-0.92851,45
Scripted,Medium,medium_multi_front,202,0.6947,-0.85313,44
Scripted,Medium,medium_multi_front,303,0.7032,-1.01192,45
Scripted,Medium,medium_multi_front,404,0.4737,-0.85417,45
Scripted,Medium,medium_multi_front,606,0.4904,-0.7137,44
Scripted,Medium,medium_multi_front,909,0.7031,-1.01192,45
Scripted,Hard,hard_cascading_crisis,42,0.6837,-1.32859,57
Scripted,Hard,hard_cascading_crisis,99,0.671,-1.24401,57
Scripted,Hard,hard_cascading_crisis,7,0.6741,-0.56106,55
Scripted,Hard,hard_cascading_crisis,123,0.6466,-1.33612,56
Scripted,Hard,hard_cascading_crisis,256,0.6716,-1.28836,57
Scripted,Hard,hard_cascading_crisis,512,0.6106,-2.36141,56
Scripted,Hard,hard_cascading_crisis,1024,0.6463,-1.19083,55
Scripted,Hard,hard_cascading_crisis,2,0.6362,-2.10605,56
Scripted,Hard,hard_cascading_crisis,17,0.6361,-1.94928,56
Scripted,Hard,hard_cascading_crisis,71,0.6356,-2.42014,57
Scripted,Hard,hard_cascading_crisis,88,0.6942,-0.45565,56
Scripted,Hard,hard_cascading_crisis,314,0.6297,-1.90612,55
Scripted,Hard,hard_cascading_crisis,271,0.6712,-1.11343,56
Scripted,Hard,hard_cascading_crisis,161,0.6302,-1.973,56
Scripted,Hard,hard_cascading_crisis,8,0.6449,-2.34977,56
Scripted,Hard,hard_cascading_crisis,33,0.6595,-1.16199,57
Scripted,Hard,hard_cascading_crisis,64,0.6719,-1.1802,55
Scripted,Hard,hard_cascading_crisis,128,0.6708,-1.21535,57
Scripted,Hard,hard_cascading_crisis,555,0.6243,-2.54387,56
Scripted,Hard,hard_cascading_crisis,777,0.633,-1.53248,57
Scripted,Hard,hard_cascading_crisis,11,0.6718,-1.31547,57
Scripted,Hard,hard_cascading_crisis,22,0.6466,-1.40382,56
Scripted,Hard,hard_cascading_crisis,44,0.6234,-2.36625,57
Scripted,Hard,hard_cascading_crisis,55,0.6571,-2.14927,56
Scripted,Hard,hard_cascading_crisis,66,0.6758,-0.52993,56
Scripted,Hard,hard_cascading_crisis,202,0.6718,-1.10444,55
Scripted,Hard,hard_cascading_crisis,303,0.6717,-0.9926,55
Scripted,Hard,hard_cascading_crisis,404,0.6721,-1.00496,55
Scripted,Hard,hard_cascading_crisis,606,0.6718,-1.36946,57
Scripted,Hard,hard_cascading_crisis,909,0.6708,-1.04387,56
